2023,2022,2021,2020,2019,2018,2017,2016,2015
Champ - Missioner,Tomm - Issioner,Bittah Commander,Bittah Commander,Bittah Commander,Bittah Commander,Bittah Commander,Bittah Commander,Bittah Commander
NO.,NO.,NO.,NO.,NO.,NO.,NO.,NO.,NO.
PLAYER,PLAYER,PLAYER,PLAYER,PLAYER,PLAYER,PLAYER,PLAYER,PLAYER
OFFER AMOUNT,OFFER AMOUNT,OFFER AMOUNT,OFFER AMOUNT,OFFER AMOUNT,OFFER AMOUNT,OFFER AMOUNT,OFFER AMOUNT,OFFER AMOUNT
13,10,5,3,11,7,4,15,9
"Austin Ekeler Wsh, RB","Austin Ekeler LAC, RB","Travis Kelce KC, TE","Ezekiel Elliott Dal, RB","Tyreek Hill KC, WR","Le'Veon Bell Pit, RB","Sammy Watkins KC, WR","LeSean McCoy Buf, RB","Drew Brees NO, QB"
$74,$73,$51,$78,$50,$67,$17,$42,$38
23,19,7,19,20,18,9,26,27
"Joe Mixon Hou, RB","Joe Mixon Cin, RB","Davante Adams GB, WR","Lamar Jackson Bal, QB","Chris Carson Sea, RB","Brandin Cooks LAR, WR","Justin Tucker Bal, K","Drew Brees NO, QB","Dez Bryant Dal, WR"
$42,$48,$56,$46,$36,$19,$2,$29,$45
45,31,35,25,31,45,13,28,37
"Diontae Johnson Car, WR","Tom Brady TB, QB","Aaron Rodgers GB, QB","George Kittle SF, TE","Devonta Freeman Atl, RB","Drew Brees NO, QB","Julian Edelman NE, WR","Lamar Miller Hou, RB","A.J. Green Cin, WR"
$23,$18,$19,$37,$29,$26,$20,$51,$37
52,46,41,34,42,54,27,50,45
"Zay Flowers Bal, WR","Keenan Allen LAC, WR","CeeDee Lamb Dal, WR","Jarvis Landry Cle, WR","Stefon Diggs Min, WR","Lamar Miller Hou, RB","DeAndre Hopkins Hou, WR","Carlos Hyde SF, RB","Steven Hauschka Sea, K"
$4,$27,$31,$13,$30,$15,$36,$19,$1
64,52,46,44,56,59,40,62,57
"Keenan Allen Chi, WR","George Kittle SF, TE","Chase Edmonds Ari, RB","James Conner Pit, RB","Sammy Watkins KC, WR","Allen Robinson Chi, WR","Jordy Nelson Oak, WR","Jeremy Maclin KC, WR","Melvin Gordon SD, RB"
$22,$15,$9,$17,$7,$14,$43,$13,$16
75,71,51,45,68,63,44,63,72
"Geno Smith Sea, QB","Marquise Brown Ari, WR","Amari Cooper Dal, WR","D'Andre Swift Det, RB","Austin Ekeler LAC, RB","Kenyan Drake Mia, RB","Eddie Lacy Sea, RB","Golden Tate Det, WR","Tom Brady NE, QB"
$20,$19,$18,$16,$8,$19,$11,$14,$13
76,82,52,59,70,65,48,64,75
"James Conner Ari, RB","Trevor Lawrence Jax, QB","Gus Edwards Bal, RB","Devin Singletary Buf, RB","Kenyan Drake Ari, RB","Cam Newton Car, QB","Cam Newton Car, QB","Randall Cobb GB, WR","Jets D/ST NYJ, D/ST"
$14,$11,$17,$7,$2,$22,$20,$19,$1
79,83,69,64,73,68,50,69,77
"Darren Waller NYG, TE","Antonio Gibson Wsh, RB","Odell Beckham Jr. LAR, WR","Cam Akers LAR, RB","Dede Westbrook Jax, WR","Amari Cooper Dal, WR","Demaryius Thomas Den, WR","Andy Dalton Cin, QB","T.J. Yeldon Jax, RB"
$10,$6,$5,$12,$12,$15,$22,$14,$11
84,91,72,102,75,72,66,75,82
"Mike Evans TB, WR","Chris Godwin TB, WR","Chase Claypool Pit, WR","Emmanuel Sanders NO, WR","Miles Sanders Phi, RB","Ronald Jones TB, RB","Tyrod Taylor Cle, QB","Coby Fleener NO, TE","Ryan Tannehill Mia, QB"
$13,$11,$17,$2,$3,$8,$19,$2,$14
85,97,87,116,76,76,70,77,85
"Marquise Brown KC, WR","Cordarrelle Patterson Atl, RB","Justin Fields Chi, QB","Henry Ruggs III LV, WR","Sony Michel NE, RB","Alshon Jeffery Phi, WR","Jordan Reed Wsh, TE","Ryan Mathews Phi, RB","Jeremy Maclin KC, WR"
$3,$4,$4,$2,$23,$13,$7,$9,$8
100,138,90,118,82,87,83,93,95
"Kyler Murray Ari, QB","Melvin Gordon III FA, RB","Raheem Mostert SF, RB","Baker Mayfield Cle, QB","Vance McDonald Pit, TE","Devin Funchess Car, WR","Christian McCaffrey Car, RB","Frank Gore Ind, RB","Chris Ivory Jax, RB"
$1,$2,$5,$1,$6,$6,$15,$6,$3
101,143,105,128,83,102,91,97,97
"Jimmy Garoppolo LAR, QB","Romeo Doubs GB, WR","Sam Darnold Car, QB","Jerry Jeudy Den, WR","A.J. Green Cin, WR","Randall Cobb GB, WR","Jordan Matthews NE, WR","Chris Ivory Jax, RB","C.J. Spiller NO, RB"
$4,$1,$1,$2,$7,$4,$3,$4,$3
127,154,115,137,85,103,94,107,105
"Baker Mayfield TB, QB","Jahan Dotson Wsh, WR","Jameis Winston NO, QB","Golden Tate FA, WR","Dak Prescott Dal, QB","Marcus Mariota Ten, QB","Ameer Abdullah Det, RB","Kevin White Chi, WR","Isaiah Crowell Cle, RB"
$2,$1,$1,$1,$8,$6,$6,$3,$14
144,165,134,146,97,133,100,117,115
"Jamaal Williams NO, RB","Samaje Perine Den, RB","Michael Carter NYJ, RB","Jalen Reagor Phi, WR","Rashaad Penny Sea, RB","Dez Bryant NO, WR","Dalvin Cook Min, RB","Ryan Tannehill Mia, QB","Ameer Abdullah Det, RB"
$2,$1,$1,$1,$3,$1,$7,$5,$7
159,173,143,154,100,149,121,140,118
"Tank Bigsby Jax, RB","Kenneth Gainwell Phi, RB","Teddy Bridgewater Den, QB","Teddy Bridgewater Car, QB","Devin Singletary Buf, RB","Ty Montgomery Bal, RB","Hunter Henry LAC, TE","Jay Cutler Chi, QB","Torrey Smith SF, WR"
$1,$1,$1,$1,$12,$1,$2,$2,$2
170,181,152,161,125,156,126,144,120
"De'Von Achane Mia, RB","49ers D/ST SF, D/ST","A.J. Green Ari, WR","Derek Carr LV, QB","Ravens D/ST Bal, D/ST","Tyler Eifert Cin, TE","Blake Bortles Jax, QB","Sam Bradford Min, QB","Breshad Perriman Bal, WR"
$3,$1,$1,$1,$1,$1,$4,$4,$2
179,189,160,168,145,162,146,156,124
"Cowboys D/ST Dal, D/ST","Marlon Mack Den, RB","Rhamondre Stevenson NE, RB","Tony Pollard Dal, RB","Eli Manning NYG, QB","Adam Vinatieri Ind, K","Seahawks D/ST Sea, D/ST","Justin Tucker Bal, K","Charles Sims TB, RB"
$1,$1,$1,$1,$1,$1,$1,$1,$2
Tommy Approved,Tommy Approved,167,174,155,168,155,165,125
NO.,NO.,"Patriots D/ST NE, D/ST","Bears D/ST Chi, D/ST","Dwayne Haskins Jr. Wsh, QB","Derrius Guice Wsh, RB","D'Onta Foreman Hou, RB","Christine Michael GB, RB","Austin Seferian-Jenkins TB, TE"
PLAYER,PLAYER,$1,$1,$1,$1,$1,$1,$1
OFFER AMOUNT,OFFER AMOUNT,174,180,164,173,164,172,135
32,17,"Randy Bullock Ten, K","Jason Sanders Mia, K","Wil Lutz NO, K","Broncos D/ST Den, D/ST","Jacquizz Rodgers TB, RB","Jets D/ST NYJ, D/ST","Teddy Bridgewater Min, QB"
"DeVonta Smith Phi, WR","Josh Allen Buf, QB",$1,$1,$1,$1,$3,$1,$1
$31,$60,Tommy Approved,Tommy Approved,Tommy Approved,Tommy Approved,Tommy Approved,Tommy Approved,Tommy Approved
38,21,NO.,NO.,NO.,NO.,NO.,NO.,NO.
"Rhamondre Stevenson NE, RB","D'Andre Swift Det, RB",PLAYER,PLAYER,PLAYER,PLAYER,PLAYER,PLAYER,PLAYER
$32,$52,OFFER AMOUNT,OFFER AMOUNT,OFFER AMOUNT,OFFER AMOUNT,OFFER AMOUNT,OFFER AMOUNT,OFFER AMOUNT
41,38,1,8,5,27,12,11,22
"Mark Andrews Bal, TE","Saquon Barkley NYG, RB","Christian McCaffrey Car, RB","Aaron Jones GB, RB","Ezekiel Elliott Dal, RB","Antonio Brown Pit, WR","Tom Brady NE, QB","Rob Gronkowski NE, TE","Jeremy Hill Cin, RB"
$26,$38,$86,$51,$59,$61,$44,$51,$48
42,42,31,16,15,31,17,14,32
"Calvin Ridley Ten, WR","Courtland Sutton Den, WR","Kyler Murray Ari, QB","Clyde Edwards-Helaire KC, RB","Dalvin Cook Min, RB","Golden Tate Phi, WR","Michael Thomas NO, WR","Blake Bortles Jax, QB","Aaron Rodgers GB, QB"
$29,$16,$51,$73,$39,$15,$40,$21,$53
48,55,37,28,33,40,33,30,34
"Chris Olave NO, WR","Mike Williams LAC, WR","Keenan Allen LAC, WR","Julio Jones Atl, WR","Josh Jacobs Oak, RB","Carson Wentz Phi, QB","Rob Gronkowski NE, TE","Todd Gurley LA, RB","Russell Wilson Sea, QB"
$39,$34,$33,$38,$22,$31,$35,$54,$40
59,94,43,38,35,46,36,31,53
"Tua Tagovailoa Mia, QB","Tyler Lockett Sea, WR","Myles Gaskin Mia, RB","DJ Moore Car, WR","Deshaun Watson Hou, QB","Travis Kelce KC, TE","DeMarco Murray Ten, RB","Mike Evans TB, WR","DeAndre Hopkins Hou, WR"
$27,$6,$9,$28,$28,$22,$40,$33,$18
82,99,59,63,37,71,65,45,60
"J.K. Dobbins Bal, RB","Jared Goff Det, QB","Tom Brady TB, QB","Jonathan Taylor Ind, RB","Julian Edelman NE, WR","Kirk Cousins Min, QB","Amari Cooper Oak, WR","Steven Hauschka Buf, K","Andre Ellington Ari, RB"
$9,$2,$13,$13,$19,$26,$26,$2,$13
88,100,64,73,44,74,75,49,61
"Anthony Richardson Ind, QB","Hunter Renfrow LV, WR","Tyler Lockett Sea, WR","Raheem Mostert SF, RB","Robert Woods LAR, WR","Jay Ajayi Phi, RB","Jarvis Landry Cle, WR","Brandin Cooks NE, WR","Julius Thomas Jax, TE"
$15,$5,$24,$7,$32,$14,$13,$18,$4
105,107,73,85,78,77,84,56,79
"Brandon Aiyuk SF, WR","AJ Dillon GB, RB","Darrell Henderson Jr. LAR, RB","Terry McLaurin Wsh, WR","Jarvis Landry Cle, WR","Marshawn Lynch Oak, RB","Andy Dalton Cin, QB","Demaryius Thomas Den, WR","Rashad Jennings NYG, RB"
$8,$14,$7,$10,$5,$7,$20,$21,$8
111,108,81,92,86,80,112,65,80
"Brock Purdy SF, QB","Marquez Valdes-Scantling KC, WR","Brandin Cooks Hou, WR","DJ Chark Jr. Jax, WR","Robby Anderson NYJ, WR","Sammy Watkins KC, WR","C.J. Anderson Den, RB","Seahawks D/ST Sea, D/ST","Jarvis Landry Mia, WR"
$4,$5,$5,$7,$2,$6,$2,$3,$11
112,127,103,96,88,85,117,76,90
"Sam Howell Sea, QB","Baker Mayfield TB, QB","Corey Davis NYJ, WR","Jared Goff Det, QB","Marvin Jones Jr. Det, WR","Jaguars D/ST Jax, D/ST","DeVante Parker Mia, WR","Latavius Murray Min, RB","Allen Robinson Jax, WR"
$7,$2,$2,$3,$6,$4,$3,$9,$9
117,128,111,109,93,88,140,90,92
"JuJu Smith-Schuster NE, WR","Cole Kmet Chi, TE","Ben Roethlisberger Pit, QB","Gardner Minshew II Jax, QB","Curtis Samuel Car, WR","Michael Crabtree Bal, WR","Anquan Boldin Buf, WR","Matt Jones Wsh, RB","Matt Ryan Atl, QB"
$2,$1,$1,$1,$2,$12,$1,$2,$22
119,151,121,129,96,91,145,94,116
"Rashaad Penny Phi, RB","Alexander Mattison Min, RB","Trey Sermon SF, RB","Mike Gesicki Mia, TE","Christian Kirk Ari, WR","Delanie Walker Ten, TE","Rob Kelley Wsh, RB","Tyrod Taylor Buf, QB","Anquan Boldin SF, WR"
$2,$1,$1,$1,$5,$2,$4,$9,$2
130,162,131,147,102,92,149,102,126
"Nico Collins Hou, WR","Robbie Anderson FA, WR","Cole Beasley Buf, WR","Antonio Gibson Wsh, RB","Larry Fitzgerald Ari, WR","Mark Ingram II NO, RB","Darren Sproles Phi, RB","Ryan Fitzpatrick NYJ, QB","Larry Fitzgerald Ari, WR"
$1,$1,$1,$1,$2,$11,$1,$2,$2
133,172,140,155,103,94,151,106,140
"Khalil Herbert Chi, RB","Isaiah McKenzie FA, WR","Michael Pittman Jr. Ind, WR","Chris Thompson Jax, RB","Jameis Winston TB, QB","Marquise Goodwin SF, WR","Jay Cutler Mia, QB","DeVante Parker Mia, WR","Kendall Wright Ten, WR"
$6,$1,$1,$1,$2,$6,$2,$2,$1
153,180,149,162,113,99,154,120,149
"Jonathan Mingo Car, WR","Buccaneers D/ST TB, D/ST","Tyler Higbee LAR, TE","AJ Dillon GB, RB","Lamar Jackson Bal, QB","Corey Davis Ten, WR","Sterling Shepard NYG, WR","Ameer Abdullah Det, RB","Jameis Winston TB, QB"
$1,$1,$1,$1,$4,$7,$2,$2,$1
164,188,157,169,120,101,158,134,151
"Commanders D/ST Wsh, D/ST","Jimmy Garoppolo LV, QB","Gabriel Davis Buf, WR","Malcolm Brown LAR, RB","David Njoku Cle, TE","Evan Engram NYG, TE","Dwayne Allen NE, TE","Alex Smith KC, QB","Percy Harvin Buf, WR"
$1,$1,$1,$1,$2,$5,$1,$4,$2
Tuff Swami,Tuff Swami,164,175,123,104,167,138,158
NO.,NO.,"James White NE, RB","Breshad Perriman NYJ, WR","Josh Allen Buf, QB","Isaiah Crowell NYJ, RB","Doug Martin Oak, RB","Ted Ginn Jr. Car, WR","Patriots D/ST NE, D/ST"
PLAYER,PLAYER,$1,$1,$5,$1,$3,$2,$1
OFFER AMOUNT,OFFER AMOUNT,171,181,130,119,175,151,159
10,4,"Dolphins D/ST Mia, D/ST","Randall Cobb Hou, WR","Kenny Stills Hou, WR","Chris Thompson Wsh, RB","Chiefs D/ST KC, D/ST","Markus Wheaton Chi, WR","Robert Griffin Cle, QB"
"Ja'Marr Chase Cin, WR","Joe Burrow Cin, QB",$1,$1,$3,$2,$1,$1,$2
$76,$44,178,185,140,128,182,152,166
14,30,"Nyheim Hines Ind, RB","Vikings D/ST Min, D/ST","Chargers D/ST LAC, D/ST","Ryan Tannehill Mia, QB","Kareem Hunt KC, RB","LeGarrette Blount NE, RB","Reggie Bush SF, RB"
"Tony Pollard Ten, RB","Matthew Stafford LAR, QB",$1,$1,$2,$4,$1,$3,$1
$59,$36,183,189,150,130,187,160,172
43,40,"Jason Myers Sea, K","Chris Boswell Pit, K","Greg Zuerlein LAR, K","Justin Tucker Bal, K","Sebastian Janikowski Oak, K","Tevin Coleman Atl, RB","Cody Parkey Phi, K"
"Trevor Lawrence Jax, QB","Ezekiel Elliott FA, RB",$1,$1,$1,$2,$1,$1,$2
$36,$27,Tuff Swami,Tuff Swami,Tuff Swami,Tuff Swami,Tuff Swami,Tuff Swami,Tuff Swami
55,44,NO.,NO.,NO.,NO.,NO.,NO.,NO.
"Kirk Cousins Atl, QB","James Conner Ari, RB",PLAYER,PLAYER,PLAYER,PLAYER,PLAYER,PLAYER,PLAYER
$25,$33,OFFER AMOUNT,OFFER AMOUNT,OFFER AMOUNT,OFFER AMOUNT,OFFER AMOUNT,OFFER AMOUNT,OFFER AMOUNT
70,48,2,4,13,12,10,17,10
"T.J. Hockenson Min, TE","Tee Higgins Cin, WR","Dalvin Cook Min, RB","Nick Chubb Cle, RB","Joe Mixon Cin, RB","Melvin Gordon LAC, RB","Dez Bryant Dal, WR","David Johnson Ari, RB","Antonio Brown Pit, WR"
$14,$37,$77,$63,$43,$48,$39,$55,$58
96,63,6,6,16,20,22,34,18
"Tyler Lockett Sea, WR","Josh Jacobs LV, RB","Ezekiel Elliott Dal, RB","Alvin Kamara NO, RB","Julio Jones Atl, WR","Rob Gronkowski NE, TE","Derek Carr Oak, QB","Dan Bailey Dal, K","DeMarco Murray Ten, RB"
$12,$20,$60,$57,$48,$35,$28,$1,$51
118,78,28,26,23,21,23,35,28
"Antonio Gibson NE, RB","Adam Thielen FA, WR","David Montgomery Chi, RB","Deshaun Watson Hou, QB","Aaron Jones GB, RB","DeAndre Hopkins Hou, WR","Delanie Walker Ten, TE","Doug Martin TB, RB","Julio Jones Atl, WR"
$5,$15,$36,$40,$25,$55,$7,$28,$46
120,98,44,48,41,25,24,38,55
"Brandin Cooks Dal, WR","Damien Harris Buf, RB","Julio Jones Ten, WR","Calvin Ridley Atl, WR","Brandin Cooks LAR, WR","Julio Jones Atl, WR","Jay Ajayi Phi, RB","Amari Cooper Oak, WR","Carlos Hyde SF, RB"
$3,$4,$15,$20,$28,$45,$37,$31,$16
135,102,54,53,46,51,38,48,71
"Desmond Ridder Ari, QB","Christian Kirk Jax, WR","Adam Thielen Min, WR","Tyler Lockett Sea, WR","Tyler Lockett Sea, WR","Sterling Shepard NYG, WR","Marcus Mariota Ten, QB","Eddie Lacy Sea, RB","Dan Bailey Dal, K"
$2,$3,$11,$9,$26,$3,$22,$24,$1
139,106,65,54,65,64,45,51,81
"Van Jefferson Pit, WR","Tony Pollard Dal, RB","Kyle Pitts Atl, TE","A.J. Green Cin, WR","James White NE, RB","Jared Goff LAR, QB","Devonta Freeman Atl, RB","Julian Edelman NE, WR","Owen Daniels Den, TE"
$1,$5,$13,$12,$11,$21,$44,$18,$3
150,111,66,65,66,66,69,71,98
"Allen Lazard NYJ, WR","Zach Ertz Ari, TE","Ryan Tannehill Ten, QB","Ronald Jones II TB, RB","Calvin Ridley Atl, WR","Mohamed Sanu Atl, WR","Doug Baldwin Sea, WR","Philip Rivers SD, QB","Jason Witten Dal, TE"
$1,$3,$11,$10,$16,$3,$25,$18,$2
161,126,71,72,69,83,77,79,101
"Tyler Boyd Cin, WR","Ryan Tannehill Ten, QB","JuJu Smith-Schuster Pit, WR","Evan Engram NYG, TE","Tevin Coleman SF, RB","Dak Prescott Dal, QB","Larry Fitzgerald Ari, WR","DeMarco Murray Ten, RB","Marques Colston NO, WR"
$1,$1,$6,$4,$8,$5,$12,$9,$3
172,139,102,81,72,86,108,84,102
"Joshua Kelley LAC, RB","Brian Robinson Jr. Wsh, RB","Kirk Cousins Min, QB","Rob Gronkowski TB, TE","Jared Cook NO, TE","Latavius Murray Min, RB","Martavis Bryant Pit, WR","Tyler Lockett Sea, WR","Matthew Stafford Det, QB"
$1,$2,$1,$4,$4,$3,$3,$3,$21
181,140,112,86,81,105,115,89,106
"Damien Harris Buf, RB","Julio Jones TB, WR","Derek Carr LV, QB","Mark Ingram II FA, RB","Jared Goff LAR, QB","Duke Johnson Jr. Cle, RB","Matt Forte NYJ, RB","Matthew Stafford Det, QB","Brandon LaFell Cin, WR"
$1,$2,$1,$4,$11,$6,$5,$13,$5
187,149,122,90,89,110,120,92,109
"Zay Jones Jax, WR","Cowboys D/ST Dal, D/ST","Russell Gage Atl, WR","Joe Burrow Cin, QB","Tom Brady NE, QB","Case Keenum Den, QB","Tyrell Williams LAC, WR","Jordan Matthews Phi, WR","Carson Palmer Ari, QB"
$1,$1,$1,$2,$5,$4,$7,$10,$10
193,155,132,95,106,116,123,105,114
"Eagles D/ST Phi, D/ST","Russell Gage TB, WR","Ronald Jones II TB, RB","Marvin Jones Jr. Det, WR","Peyton Barber TB, RB","Matt Bryant Atl, K","Mohamed Sanu Atl, WR","Panthers D/ST Car, D/ST","Roddy White Atl, WR"
$1,$2,$1,$4,$1,$1,$1,$2,$3
199,160,141,99,112,124,152,108,117
"Dawson Knox Buf, TE","Van Jefferson LAR, WR","Nelson Agholor NE, WR","Ben Roethlisberger Pit, QB","Matt Breida SF, RB","Julian Edelman NE, WR","Blair Walsh Sea, K","Mohamed Sanu Atl, WR","Tre Mason StL, RB"
$1,$2,$1,$2,$2,$3,$1,$2,$2
DEFINITELY NOT The Tommy!,DEFINITELY NOT The Tommy!,150,113,114,126,157,111,121
NO.,NO.,"Zack Moss Buf, RB","Brandin Cooks Hou, WR","Kirk Cousins Min, QB","Steelers D/ST Pit, D/ST","Jonathan Stewart NYG, RB","Josh Gordon Cle, WR","Andy Dalton Cin, QB"
PLAYER,PLAYER,$1,$4,$3,$1,$2,$10,$10
OFFER AMOUNT,OFFER AMOUNT,158,125,121,135,161,114,123
4,1,"Mecole Hardman KC, WR","Russell Gage Atl, WR","Matthew Stafford Det, QB","Tyler Lockett Sea, WR","Allen Hurns Dal, WR","Antonio Gates SD, TE","Alfred Blue Hou, RB"
"Cooper Kupp LAR, WR","Justin Herbert LAC, QB",$1,$1,$3,$1,$1,$5,$2
$48,$42,165,134,126,147,170,121,127
19,29,"Bills D/ST Buf, D/ST","Boston Scott Phi, RB","Rams D/ST LAR, D/ST","Carlos Hyde Jax, RB","Antonio Gates LAC, TE","Tavon Austin LA, WR","Devonta Freeman Atl, RB"
"Amon-Ra St. Brown Det, WR","Russell Wilson Den, QB",$1,$1,$3,$2,$1,$6,$2
$46,$31,172,151,136,150,174,124,131
22,45,"Emmanuel Sanders Buf, WR","Larry Fitzgerald Ari, WR","DK Metcalf Sea, WR","James White NE, RB","Tyler Lockett Sea, WR","Jason Witten Dal, TE","Michael Floyd Ari, WR"
"Josh Allen Buf, QB","A.J. Brown Phi, WR",$1,$1,$1,$1,$2,$1,$1
$54,$30,179,159,146,157,184,153,141
25,51,"J.D. McKissic Wsh, RB","Younghoe Koo Atl, K","Tyrell Williams Oak, WR","Sam Bradford Ari, QB","Steelers D/ST Pit, D/ST","Darren Sproles Phi, RB","Darren Sproles Phi, RB"
"Jalen Hurts Phi, QB","DJ Moore Chi, WR",$1,$1,$1,$1,$1,$1,$1
$55,$36,184,166,156,163,185,162,150
69,56,"Graham Gano NYG, K","Saints D/ST NO, D/ST","Justin Tucker Bal, K","Calvin Ridley Atl, WR","Latavius Murray Min, RB","James Starks GB, RB","Panthers D/ST Car, D/ST"
"Mike Williams NYJ, WR","Diontae Johnson Pit, WR",$1,$1,$1,$1,$2,$1,$3
$11,$12,Definitely Not The Tommy,Better Than Sanjays Offer,Picking Up MIA Players Cant Be,Sanjay Approved,How Bout Dem Saints!,I Got Outscored By The Tommy.,I'm Gonna Need A Better
77,61,NO.,NO.,NO.,NO.,NO.,NO.,NO.
"Cam Akers Min, RB","Travis Etienne Jr. Jax, RB",PLAYER,PLAYER,PLAYER,PLAYER,PLAYER,PLAYER,PLAYER
$8,$19,OFFER AMOUNT,OFFER AMOUNT,OFFER AMOUNT,OFFER AMOUNT,OFFER AMOUNT,OFFER AMOUNT,OFFER AMOUNT
113,67,10,13,17,6,3,5,13
"David Njoku Cle, TE","Jaylen Waddle Mia, WR","Aaron Jones GB, RB","Miles Sanders Phi, RB","JuJu Smith-Schuster Pit, WR","Andrew Luck Ind, QB","Russell Wilson Sea, QB","Alshon Jeffery Phi, WR","Andrew Luck Ind, QB"
$2,$9,$58,$50,$46,$19,$20,$31,$68
121,68,17,14,27,23,11,18,23
"Raheem Mostert Mia, RB","Jerry Jeudy Den, WR","Joe Mixon Cin, RB","Joe Mixon Cin, RB","Patrick Mahomes KC, QB","Jordan Howard Chi, RB","Tyreek Hill KC, WR","Julio Jones Atl, WR","Ben Roethlisberger Pit, QB"
$2,$10,$39,$51,$41,$20,$15,$62,$23
124,74,21,33,32,30,26,37,35
"Jaxon Smith-Njigba Sea, WR","Darnell Mooney Chi, WR","Lamar Jackson Bal, QB","Allen Robinson II Chi, WR","Nick Chubb Cle, RB","Ezekiel Elliott Dal, RB","Isaiah Crowell NYJ, RB","Keenan Allen SD, WR","Stephen Gostkowski NE, K"
$5,$5,$33,$21,$49,$68,$21,$29,$2
131,80,33,36,38,42,30,40,39
"Jaylen Warren Pit, RB","Darren Waller NYG, TE","Allen Robinson II Chi, WR","Travis Kelce KC, TE","Zach Ertz Phi, TE","Stefon Diggs Min, WR","Aaron Rodgers GB, QB","Chiefs D/ST KC, D/ST","Alfred Morris Dal, RB"
$1,$8,$26,$37,$18,$25,$58,$3,$27
136,81,34,37,39,43,35,41,43
"Zach Charbonnet Sea, RB","Gabe Davis Buf, WR","Calvin Ridley Atl, WR","Tom Brady TB, QB","Damien Williams KC, RB","Dalvin Cook Min, RB","LeSean McCoy Buf, RB","Mark Ingram NO, RB","Mike Evans TB, WR"
$2,$15,$38,$11,$32,$44,$41,$27,$25
165,90,49,43,49,49,53,44,46
"Rashee Rice KC, WR","Allen Robinson II LAR, WR","Dak Prescott Dal, QB","Zach Ertz Phi, TE","T.Y. Hilton Ind, WR","T.Y. Hilton Ind, WR","Bilal Powell NYJ, RB","Michael Floyd NE, WR","Lamar Miller Hou, RB"
$1,$15,$20,$21,$19,$24,$14,$9,$26
175,116,62,50,54,60,63,46,56
"Sam LaPorta Det, TE","Michael Carter NYJ, RB","DJ Moore Car, WR","DK Metcalf Sea, WR","Phillip Lindsay Den, RB","JuJu Smith-Schuster Pit, WR","Mark Ingram NO, RB","Eric Decker NYJ, WR","Jordan Matthews Phi, WR"
$1,$2,$12,$8,$13,$10,$14,$12,$18
183,130,88,60,67,73,67,47,58
"Jeff Wilson Jr. Mia, RB","Nyheim Hines Buf, RB","Commanders D/ST Wsh, D/ST","Kareem Hunt Cle, RB","Carson Wentz Phi, QB","Alex Smith Wsh, QB","Keenan Allen LAC, WR","T.Y. Hilton Ind, WR","Bills D/ST Buf, D/ST"
$1,$1,$1,$5,$10,$15,$17,$21,$2
189,142,98,76,90,109,73,58,59
"Kendre Miller NO, RB","Isiah Pacheco KC, RB","Trey Lance SF, QB","Carson Wentz Ind, QB","Royce Freeman Den, RB","Robby Anderson NYJ, WR","Kenny Britt NE, WR","Thomas Rawls Sea, RB","Doug Martin TB, RB"
$1,$1,$1,$10,$2,$3,$3,$14,$6
195,153,101,79,133,121,76,83,68
"Ravens D/ST Bal, D/ST","Rachaad White TB, RB","Antonio Brown FA, WR","Tyler Boyd Cin, WR","Marcus Mariota Ten, QB","Jordan Reed Wsh, TE","DeSean Jackson TB, WR","Jameis Winston TB, QB","Joique Bell Det, RB"
$1,$1,$3,$4,$1,$2,$9,$14,$7
201,164,108,80,153,132,86,86,78
"Jalin Hyatt NYG, WR","Commanders D/ST Wsh, D/ST","Marquez Callaway NO, WR","Justin Tucker Bal, K","Marquez Valdes-Scantling GB, WR","Ravens D/ST Bal, D/ST","Ty Montgomery GB, RB","Travis Kelce KC, TE","Joseph Randle FA, RB"
$1,$1,$1,$1,$1,$1,$9,$3,$20
,,118,89,162,140,103,99,87
Smoky McPot,,"Noah Fant Den, TE","DeVante Parker Mia, WR","Tony Pollard Dal, RB","Jake Elliott Phi, K","Jimmy Graham GB, TE","Marcus Mariota Ten, QB","Travis Kelce KC, TE"
NO.,Rookie Of The Year,$1,$4,$1,$1,$11,$8,$2
PLAYER,NO.,128,98,170,146,127,123,94
OFFER AMOUNT,PLAYER,"AJ Dillon GB, RB","Cam Newton NE, QB","Deebo Samuel SF, WR","Jamison Crowder Wsh, WR","Mason Crosby GB, K","Blair Walsh Sea, K","Giovani Bernard Cin, RB"
26,OFFER AMOUNT,$1,$2,$1,$2,$1,$1,$7
"Jaylen Waddle Mia, WR",2,137,108,176,148,136,133,130
$45,"Najee Harris Pit, RB","Elijah Moore NYJ, WR","Jimmy Garoppolo SF, QB","N'Keal Harry NE, WR","Joe Flacco Bal, QB","C.J. Prosise Sea, RB","Theo Riddick Det, RB","Steve Smith Sr. Bal, WR"
36,$69,$1,$2,$1,$1,$2,$1,$2
"Aaron Jones Min, RB",13,146,110,181,155,137,143,136
$30,"Davante Adams LV, WR","Rondale Moore Ari, WR","J.K. Dobbins Bal, RB","Justice Hill Bal, RB","Samaje Perine Wsh, RB","Corey Davis Ten, WR","Blaine Gabbert SF, QB","DeVante Parker Mia, WR"
37,$58,$1,$3,$1,$1,$1,$1,$1
"Justin Fields Pit, QB",16,154,115,184,161,147,161,145
$37,"Mike Gesicki NE, TE","Terrace Marshall Jr. Car, WR","Sterling Shepard NYG, WR","Trey Quinn Wsh, WR","Chris Carson Sea, RB","Panthers D/ST Car, D/ST","Devontae Booker Den, RB","John Brown Ari, WR"
44,$4,$1,$2,$1,$1,$1,$1,$1
"Amari Cooper Cle, WR",58,161,120,186,167,156,169,154
$28,"David Montgomery Det, RB","Tony Pollard Dal, RB","Steelers D/ST Pit, D/ST","Titans D/ST Ten, D/ST","Josh Rosen Ari, QB","Jared Goff LAR, QB","Jared Goff LA, QB","Pierre Garcon Wsh, WR"
46,$15,$1,$1,$1,$1,$1,$1,$1
"Deshaun Watson Cle, QB",69,168,121,188,172,165,175,162
$19,"DK Metcalf Sea, WR","Bryan Edwards LV, WR","Latavius Murray NO, RB","Eagles D/ST Phi, D/ST","Peyton Barber TB, RB","Josh Doctson Wsh, WR","Alfred Morris Dal, RB","Marcus Mariota Ten, QB"
49,$17,$1,$4,$1,$1,$1,$1,$1
"Dameon Pierce Hou, RB",70,175,126,190,177,173,180,170
$24,"Derek Carr NO, QB","Harrison Butker KC, K","Diontae Johnson Pit, WR","Joey Slye Car, K","Mike Williams LAC, WR","Robby Anderson NYJ, WR","Shane Vereen NYG, RB","Kenny Stills Mia, WR"
57,$12,$1,$3,$1,$1,$1,$1,$1
"Kenneth Walker III Sea, RB",72,,,,,,,
$16,"Tua Tagovailoa Mia, QB",Not The Tommy Sandwich,Rickest Rick,Rickest Rick,Jerry Smith,Smokey McPot,Smokey McPot,Bid Over $9000
62,$15,NO.,NO.,NO.,NO.,NO.,NO.,NO.
"DJ Moore Chi, WR",86,PLAYER,PLAYER,PLAYER,PLAYER,PLAYER,PLAYER,PLAYER
$14,"T.J. Hockenson Min, TE",OFFER AMOUNT,OFFER AMOUNT,OFFER AMOUNT,OFFER AMOUNT,OFFER AMOUNT,OFFER AMOUNT,OFFER AMOUNT
71,$6,14,1,8,1,14,1,2
"Kenny Pickett Phi, QB",93,"Stefon Diggs Buf, WR","Christian McCaffrey Car, RB","DeAndre Hopkins Hou, WR","Saquon Barkley NYG, RB","Marshawn Lynch Oak, RB","Antonio Brown Pit, WR","Justin Forsett Bal, RB"
$7,"Elijah Moore NYJ, WR",$52,$85,$63,$49,$28,$71,$35
74,$9,22,10,18,14,18,6,6
"Evan Engram Jax, TE",96,"A.J. Brown Ten, WR","DeAndre Hopkins Ari, WR","Odell Beckham Jr. Cle, WR","Deshaun Watson Hou, QB","Jordan Howard Chi, RB","Melvin Gordon SD, RB","Jamaal Charles KC, RB"
$5,"Dameon Pierce Hou, RB",$36,$50,$50,$40,$38,$10,$65
87,$6,29,41,24,36,19,8,14
"D'Andre Swift Chi, RB",110,"DK Metcalf Sea, WR","Dak Prescott Dal, QB","George Kittle SF, TE","Tom Brady NE, QB","Stephen Gostkowski NE, K","DeAndre Hopkins Hou, WR","Jimmy Graham Sea, TE"
$4,"Robert Woods FA, WR",$36,$22,$30,$39,$2,$64,$39
97,$4,32,47,34,41,20,42,15
"Pat Freiermuth Pit, TE",117,"Miles Sanders Phi, RB","Mark Andrews Bal, TE","Amari Cooper Dal, WR","Derrick Henry Ten, RB","Julio Jones Atl, WR","Doug Baldwin Sea, WR","Justin Tucker Bal, K"
$3,"Davis Mills Hou, QB",$25,$17,$28,$21,$58,$20,$2
115,$3,36,52,40,48,52,57,20
"Jerick McKinnon KC, RB",118,"Chris Carson Sea, RB","A.J. Brown Ten, WR","Mark Ingram II Bal, RB","Larry Fitzgerald Ari, WR","Broncos D/ST Den, D/ST","Derek Carr Oak, QB","Demaryius Thomas Den, WR"
$4,"Pat Freiermuth Pit, TE",$21,$13,$17,$18,$2,$23,$46
146,$2,47,58,52,57,57,60,25
"Kadarius Toney KC, WR",120,"Javonte Williams Den, RB","Chris Carson Sea, RB","David Montgomery Chi, RB","Tyreek Hill KC, WR","Jameis Winston TB, QB","Matt Forte NYJ, RB","Connor Barth TB, K"
$1,"Chris Olave NO, WR",$13,$21,$18,$20,$20,$13,$2
157,$2,68,68,61,84,58,67,36
"Tank Dell Hou, WR",129,"Joe Burrow Cin, QB","Stefon Diggs Buf, WR","Drew Brees NO, QB","Greg Olsen Car, TE","Eli Manning NYG, QB","Stefon Diggs Min, WR","Randall Cobb GB, WR"
$1,"Kenneth Walker III Sea, RB",$10,$6,$8,$11,$19,$2,$34
168,$3,74,70,74,89,64,68,83
"Jets D/ST NYJ, D/ST",141,"Mark Andrews Bal, TE","Harrison Butker KC, K","Derrius Guice Wsh, RB","Will Fuller V Hou, WR","Brandon Marshall NYG, WR","Delanie Walker Ten, TE","Rams D/ST StL, D/ST"
$1,"Kenny Pickett Pit, QB",$11,$2,$6,$10,$15,$6,$1
177,$1,75,75,87,96,68,73,88
"Jameson Williams Det, WR",163,"T.J. Hockenson Det, TE","Josh Allen Buf, QB","Russell Wilson Sea, QB","Nick Chubb Cle, RB","Greg Olsen Car, TE","Tyler Eifert Cin, TE","Martellus Bennett NE, TE"
$1,"Chargers D/ST LAC, D/ST",$4,$9,$8,$2,$19,$2,$2
,$14,82,100,109,98,79,78,89
Lets Yeet This Wheat,,"Laviska Shenault Jr. Jax, WR","49ers D/ST SF, D/ST","Bears D/ST Chi, D/ST","Chris Boswell Pit, K","Jamison Crowder Wsh, WR","Texans D/ST Hou, D/ST","Jordan Cameron Mia, TE"
NO.,Lets Yeet This Wheat,$3,$2,$2,$2,$14,$3,$2
PLAYER,NO.,83,103,119,106,89,80,91
OFFER AMOUNT,PLAYER,"Jaylen Waddle Mia, WR","Hunter Henry LAC, TE","Jimmy Garoppolo SF, QB","Doug Martin Oak, RB","Deshaun Watson Hou, QB","Jeremy Langford Chi, RB","LeGarrette Blount NE, RB"
6,OFFER AMOUNT,$3,$2,$1,$2,$4,$11,$4
"Travis Kelce KC, TE",3,84,105,129,107,98,88,103
$52,"Justin Jefferson Min, WR","Mac Jones NE, QB","CeeDee Lamb Dal, WR","Austin Hooper Atl, TE","Eagles D/ST Phi, D/ST","Adrian Peterson Ari, RB","Kirk Cousins Wsh, QB","Kevin White Chi, WR"
17,$68,$1,$3,$1,$2,$7,$5,$1
"Patrick Mahomes KC, QB",18,89,132,135,117,111,110,133
$61,"Jalen Hurts Phi, QB","Mike Davis Atl, RB","Leonard Fournette TB, RB","Nick Foles Jax, QB","Jordy Nelson Oak, WR","Tyler Eifert Cin, TE","Giovani Bernard Cin, RB","Duke Johnson Jr. Cle, RB"
18,$45,$6,$1,$2,$6,$4,$3,$1
"Garrett Wilson NYJ, WR",24,92,141,139,122,128,118,143
$55,"Lamar Jackson Bal, QB","Michael Thomas NO, WR","Mecole Hardman KC, WR","Donte Moncrief Car, WR","Blake Bortles Jax, QB","Torrey Smith Car, WR","Robbie Gould SF, K","Fred Jackson Sea, RB"
33,$43,$2,$1,$1,$2,$1,$1,$1
"Rachaad White TB, RB",37,94,149,149,136,138,128,152
$16,"J.K. Dobbins Bal, RB","DeVonta Smith Phi, WR","Matt Breida Mia, RB","Mohamed Sanu Sr. NE, WR","Kenny Stills Mia, WR","Ted Ginn Jr. NO, WR","Bilal Powell NYJ, RB","DeAngelo Williams Pit, RB"
47,$20,$4,$1,$1,$3,$3,$1,$1
"Aaron Rodgers NYJ, QB",57,104,157,159,141,148,141,160
$24,"Amon-Ra St. Brown Det, WR","Zach Wilson NYJ, QB","Brandon Aiyuk SF, WR","Anthony Miller Chi, WR","Tarik Cohen Chi, RB","Marvin Jones Jr. Det, WR","Charles Sims TB, RB","Theo Riddick Det, RB"
61,$11,$1,$2,$1,$2,$3,$2,$1
"James Cook Buf, RB",60,110,164,167,143,166,148,168
$16,"Brandin Cooks Dal, WR","Sony Michel LAR, RB","Justin Herbert LAC, QB","Kalen Ballage Mia, RB","Eric Decker FA, WR","Cameron Brate TB, TE","Case Keenum Min, QB","Terrance West Bal, RB"
94,$17,$2,$1,$1,$2,$1,$1,$1
"Courtland Sutton Den, WR",64,114,171,173,144,181,157,175
$2,"Dalton Schultz Hou, TE","Buccaneers D/ST TB, D/ST","Austin Hooper Cle, TE","Cole Beasley Buf, WR","Baker Mayfield Cle, QB","Devin Funchess Car, WR","Anquan Boldin Det, WR","Jay Ajayi Mia, RB"
103,$5,$9,$1,$1,$1,$1,$1,$1
"Michael Thomas NO, WR",73,124,177,179,151,186,166,181
$3,"Clyde Edwards-Helaire KC, RB","Younghoe Koo Atl, K","Michael Pittman Jr. Ind, WR","Ka'imi Fairbairn Hou, K","Giovani Bernard Cin, RB","Marqise Lee Jax, WR","Pierre Garcon SF, WR","Blake Bortles Jax, QB"
129,$10,$1,$1,$1,$1,$1,$1,$1
"Jakobi Meyers LV, WR",85,,,,,The Talented Mr. Ripley,The Talented Mr. Ripley,The Talented Mr. Ripley
$1,"Rashod Bateman Bal, WR",Burnin Up ðŸ”¥ðŸ”¥ðŸ”¥ðŸ”¥,Captain Dickhead,Captain Dickhead,Captain Dickhead,NO.,NO.,NO.
134,$10,NO.,NO.,NO.,NO.,PLAYER,PLAYER,PLAYER
"Brian Robinson Jr. Wsh, RB",103,PLAYER,PLAYER,PLAYER,PLAYER,OFFER AMOUNT,OFFER AMOUNT,OFFER AMOUNT
$3,"Rhamondre Stevenson NE, RB",OFFER AMOUNT,OFFER AMOUNT,OFFER AMOUNT,OFFER AMOUNT,2,12,1
141,$3,4,7,4,5,"Michael Crabtree Bal, WR","Le'Veon Bell Pit, RB","Le'Veon Bell Pit, RB"
"Gabe Davis Jax, WR",121,"Saquon Barkley NYG, RB","Josh Jacobs LV, RB","Le'Veon Bell NYJ, RB","Greg Zuerlein LAR, K",$18,$69,$61
$1,"Jakobi Meyers LV, WR",$54,$61,$59,$3,21,16,4
152,$1,15,15,9,8,"Allen Robinson Chi, WR","Odell Beckham Jr. NYG, WR","Adrian Peterson Min, RB"
"Dalton Schultz Hou, TE",133,"Josh Allen Buf, QB","Chris Godwin TB, WR","Michael Thomas NO, WR","Mike Evans TB, WR",$20,$66,$56
$1,"Carson Wentz FA, QB",$46,$40,$57,$32,39,23,21
174,$1,23,21,19,13,"Dan Bailey Dal, K","Kelvin Benjamin Car, WR","Jordy Nelson GB, WR"
"Gardner Minshew LV, QB",144,"George Kittle SF, TE","Melvin Gordon III Den, RB","Mike Evans TB, WR","Christian McCaffrey Car, RB",$1,$18,$49
$1,"Jamaal Williams NO, RB",$25,$32,$44,$37,42,39,31
182,$1,27,24,26,15,"Dak Prescott Dal, QB","Ben Roethlisberger Pit, QB","Martavis Bryant Pit, WR"
"Kenneth Gainwell Phi, RB",148,"James Robinson Jax, RB","Keenan Allen LAC, WR","Keenan Allen LAC, WR","Royce Freeman Den, RB",$24,$32,$10
$1,"Treylon Burks Ten, WR",$31,$28,$30,$18,43,53,42
188,$2,39,30,50,16,"Terrance West Bal, RB","Tom Brady NE, QB","Tony Romo Dal, QB"
"Curtis Samuel Buf, WR",166,"Robert Woods LAR, WR","Amari Cooper Dal, WR","Duke Johnson Hou, RB","A.J. Green Cin, WR",$7,$33,$17
$1,"Noah Fant Sea, TE",$20,$25,$21,$38,47,55,48
194,$1,53,42,63,22,"Kirk Cousins Min, QB","Mason Crosby GB, K","Seahawks D/ST Sea, D/ST"
"Titans D/ST Ten, D/ST",182,"Tee Higgins Cin, WR","Le'Veon Bell KC, RB","Hunter Henry LAC, TE","Joe Mixon Cin, RB",$25,$1,$3
$1,"Nico Collins Hou, WR",$20,$12,$5,$20,49,81,51
200,$1,63,57,80,26,"Travis Kelce KC, TE","John Brown Ari, WR","Keenan Allen SD, WR"
"Donovan Peoples-Jones Det, WR",190,"Diontae Johnson Pit, WR","Matt Ryan Atl, QB","Tarik Cohen Chi, RB","Josh Gordon NE, WR",$21,$7,$13
$1,"Rams D/ST LAR, D/ST",$21,$8,$5,$17,55,113,64
,$1,67,67,94,39,"Todd Gurley II LAR, RB","Justin Forsett Den, RB","Julian Edelman NE, WR"
Lessor Austin M.,,"Matthew Stafford LAR, QB","Darren Waller LV, TE","Michael Gallup Dal, WR","Kalen Ballage Mia, RB",$22,$2,$14
NO.,I'm Austin !,$9,$10,$3,$2,56,115,99
PLAYER,NO.,78,77,101,50,"Carlos Hyde Cle, RB","Cardinals D/ST Ari, D/ST","Heath Miller Pit, TE"
OFFER AMOUNT,PLAYER,"Robby Anderson Car, WR","Daniel Jones NYG, QB","Ben Roethlisberger Pit, QB","Marvin Jones Jr. Det, WR",$20,$1,$1
7,OFFER AMOUNT,$3,$7,$6,$16,71,125,119
"Derrick Henry Bal, RB",5,91,83,124,52,"Willie Snead NO, WR","Jimmy Graham Sea, TE","Jay Cutler Chi, QB"
$62,"Cooper Kupp LAR, WR","Melvin Gordon III Den, RB","Will Fuller V Hou, WR","Sam Darnold NYJ, QB","Rashaad Penny Sea, RB",$12,$1,$5
20,$70,$2,$4,$1,$15,78,145,122
"A.J. Brown Phi, WR",14,113,88,134,78,"Kelvin Benjamin Buf, WR","Dak Prescott Dal, QB","Arian Foster Hou, RB"
$52,"Alvin Kamara NO, RB","Jarvis Landry Cle, WR","Jamison Crowder NYJ, WR","Keke Coutee Hou, WR","Dion Lewis Ten, RB",$16,$1,$3
21,$59,$1,$2,$1,$9,82,146,139
"Najee Harris Pit, RB",28,123,97,154,81,"Randall Cobb GB, WR","Isaiah Crowell Cle, RB","Alex Smith KC, QB"
$35,"Kyler Murray Ari, QB","Daniel Jones NYG, QB","Kirk Cousins Min, QB","Trey Burton Chi, TE","Ben Roethlisberger Pit, QB",$6,$2,$1
31,$46,$1,$1,$1,$15,93,154,148
"Justin Herbert LAC, QB",41,133,114,163,108,"Stefon Diggs Min, WR","Jerick McKinnon Min, RB","Derek Carr Oak, QB"
$43,"Trey Lance SF, QB","David Johnson Hou, RB","Tarik Cohen Chi, RB","Vikings D/ST Min, D/ST","Pierre Garcon SF, WR",$7,$1,$1
65,$24,$1,$2,$1,$2,96,163,157
"Christian Watson GB, WR",47,142,117,171,111,"Spencer Ware KC, RB","Sammie Coates Pit, WR","Marqise Lee Jax, WR"
$15,"Mike Evans TB, WR","Rams D/ST LAR, D/ST","Christian Kirk Ari, WR","Dion Lewis Ten, RB","Rex Burkhead NE, RB",$11,$1,$1
67,$26,$1,$1,$1,$3,106,170,165
"DeAndre Hopkins Ten, WR",95,151,122,177,112,"Darren McFadden Dal, RB","Tim Hightower SF, RB","Jerick McKinnon Min, RB"
$16,"Bills D/ST Buf, D/ST","Dallas Goedert Phi, TE","T.J. Hockenson Det, TE","Chris Thompson Wsh, RB","Mitchell Trubisky Chi, QB",$6,$1,$1
95,$2,$1,$2,$1,$2,109,176,173
"Derek Carr NO, QB",114,159,127,182,114,"Alex Smith Wsh, QB","Laquon Treadwell Min, WR","Daniel Herron Ind, RB"
$5,"Dawson Knox Buf, TE","Tyrell Williams FA, WR","Justin Jefferson Min, WR","Cowboys D/ST Dal, D/ST","Sony Michel NE, RB",$3,$1,$1
108,$3,$1,$1,$1,$3,114,181,179
"Elijah Moore Cle, WR",124,166,136,185,125,"Cameron Meredith NO, WR","Chris Johnson Ari, RB","Nick Novak Hou, K"
$2,"James Cook Buf, RB","Mike Gesicki Mia, TE","Robby Anderson Car, WR","Jack Doyle Ind, TE","Kyle Rudolph Min, TE",$6,$1,$1
125,$1,$1,$1,$1,$3,129,185,184
"Cole Kmet Chi, TE",136,173,145,187,127,"Texans D/ST Hou, D/ST","Kenny Stills Mia, WR","Dorial Green-Beckham Ten, WR"
$1,"Skyy Moore KC, WR","Phillip Lindsay Mia, RB","Colts D/ST Ind, D/ST","Daniel Jones NYG, QB","Allen Hurns Dal, WR",$4,$1,$1
143,$1,$1,$1,$1,$4,139,188,187
"Quentin Johnston LAC, WR",147,180,153,189,131,"Derrick Henry Ten, RB","Ka'Deem Carey Chi, RB","Ronnie Hillman Den, RB"
$2,"Marcus Mariota Phi, QB","Justin Tucker Bal, K","Matt Prater Det, K","Jake Elliott Phi, K","Rams D/ST LAR, D/ST",$11,$1,$1
149,$1,$1,$1,$1,$1,,,
"Clayton Tune Ari, QB",158,,,,,Type II Tommy,BR DEATH VALLEY,BR DEATH VALLEY
$1,"Raheem Mostert Mia, RB",I'm Austin !,B2B Tommy B2B,Antonio Brown,H-Town Smackdown,NO.,NO.,NO.
160,$1,NO.,NO.,NO.,NO.,PLAYER,PLAYER,PLAYER
"Bills D/ST Buf, D/ST",169,PLAYER,PLAYER,PLAYER,PLAYER,OFFER AMOUNT,OFFER AMOUNT,OFFER AMOUNT
$1,"Marvin Jones Jr. Jax, WR",OFFER AMOUNT,OFFER AMOUNT,OFFER AMOUNT,OFFER AMOUNT,16,3,8
171,$1,8,11,3,19,"Andrew Luck Ind, QB","Cam Newton Car, QB","Matt Forte NYJ, RB"
"Roschon Johnson Chi, RB",177,"Nick Chubb Cle, RB","Derrick Henry Ten, RB","James Conner Pit, RB","Aaron Rodgers GB, QB",$35,$56,$62
$1,"Jalen Tolbert Dal, WR",$61,$72,$58,$52,25,20,19
180,$1,12,18,6,28,"Le'Veon Bell Pit, RB","Brandon Marshall NYG, WR","Peyton Manning Den, QB"
"Gus Edwards LAC, RB",185,"Austin Ekeler LAC, RB","Austin Ekeler LAC, RB","David Johnson Ari, RB","Emmanuel Sanders Den, WR",$62,$49,$60
$1,"DeVante Parker NE, WR",$60,$55,$58,$14,41,29,38
186,$1,24,27,28,32,"T.Y. Hilton Ind, WR","Russell Wilson Sea, QB","Alshon Jeffery Chi, WR"
"Gerald Everett Chi, TE",193,"Clyde Edwards-Helaire KC, RB","Kenny Golladay Det, WR","Adam Thielen Min, WR","Jerick McKinnon SF, RB",$28,$51,$31
$1,"J.D. McKissic FA, RB",$38,$35,$36,$31,46,36,40
192,$1,42,35,48,33,"Melvin Gordon LAC, RB","Sammy Watkins Buf, WR","Cam Newton Car, QB"
"Jayden Reed GB, WR",197,"Cooper Kupp LAR, WR","Odell Beckham Jr. Cle, WR","Allen Robinson II Chi, WR","Keenan Allen LAC, WR",$36,$30,$15
$1,"Colts D/ST Ind, D/ST",$14,$19,$13,$35,61,70,54
198,$1,48,46,53,35,"Davante Adams GB, WR","Emmanuel Sanders Den, WR","Sammy Watkins Buf, WR"
"Marquez Valdes-Scantling KC, WR",200,"Kenny Golladay NYG, WR","Matthew Stafford LAR, QB","Marlon Mack Ind, RB","Matthew Stafford Det, QB",$15,$8,$11
$1,"Alec Pierce Ind, WR",$9,$10,$19,$26,62,72,70
Researched? Definitely.,$1,55,49,59,38,"Matthew Stafford Det, QB","Donte Moncrief Ind, WR","Amari Cooper Oak, WR"
NO.,Stupid Cut-Rate Insurance,"Brandon Aiyuk SF, WR","Adam Thielen Min, WR","Mike Williams LAC, WR","Devonta Freeman Atl, RB",$14,$9,$10
PLAYER,NO.,$12,$22,$16,$39,81,74,73
OFFER AMOUNT,PLAYER,58,56,62,47,"Emmanuel Sanders Den, WR","Jeremy Hill Cin, RB","Latavius Murray Oak, RB"
5,OFFER AMOUNT,"Justin Herbert LAC, QB","Robert Woods LAR, WR","Evan Engram NYG, TE","Adam Thielen Min, WR",$15,$11,$12
"Bijan Robinson Atl, RB",11,$18,$14,$8,$25,85,87,76
$59,"Dalvin Cook Min, RB",61,74,64,118,"Pierre Garcon SF, WR","DeAngelo Williams Pit, RB","Brandon Marshall NYJ, WR"
12,$67,"Kareem Hunt Cle, RB","Jared Cook FA, TE","DJ Moore Car, WR","Cooper Kupp LAR, WR",$4,$4,$12
"Stefon Diggs Buf, WR",12,$7,$1,$14,$5,90,96,86
$53,"Patrick Mahomes KC, QB",76,84,98,137,"Danny Woodhead Bal, RB","Danny Woodhead Bal, RB","Golden Tate Det, WR"
34,$50,"Jalen Hurts Phi, QB","Bills D/ST Buf, D/ST","Mitchell Trubisky Chi, QB","Charles Clay Buf, TE",$7,$7,$11
"DK Metcalf Sea, WR",23,$3,$1,$3,$1,99,103,93
$39,"Michael Pittman Jr. Ind, WR",77,104,99,145,"LeGarrette Blount Det, RB","Duke Johnson Jr. Cle, RB","Mike Wallace Bal, WR"
35,$31,"Logan Thomas Wsh, TE","Ryan Tannehill Ten, QB","Philip Rivers LAC, QB","Jameis Winston TB, QB",$7,$3,$3
"Lamar Jackson Bal, QB",54,$4,$1,$4,$3,113,131,108
$34,"Terry McLaurin Wsh, WR",85,123,104,152,"Giovani Bernard Cin, RB","Willie Snead NO, WR","Zach Ertz Phi, TE"
66,$18,"Michael Gallup Dal, WR","Philip Rivers Ind, QB","Latavius Murray NO, RB","Kenny Golladay Det, WR",$3,$4,$1
"Chris Godwin TB, WR",59,$2,$2,$2,$1,125,136,113
$17,"Aaron Rodgers GB, QB",93,133,108,158,"Adam Thielen Min, WR","Zach Ertz Phi, TE","Shane Vereen NYG, RB"
72,$20,"Robert Tonyan GB, TE","Marlon Mack Ind, RB","Courtland Sutton Den, WR","Devontae Booker Den, RB",$3,$1,$3
"Daniel Jones NYG, QB",65,$2,$1,$1,$1,141,155,129
$18,"Elijah Mitchell SF, RB",96,150,116,164,"Corey Coleman Cle, WR","Bengals D/ST Cin, D/ST","Joe Flacco Bal, QB"
73,$9,"Matt Ryan Atl, QB","Cole Beasley Buf, WR","Derek Carr Oak, QB","Matt Prater Det, K",$1,$1,$3
"49ers D/ST SF, D/ST",75,$1,$1,$2,$1,150,164,138
$2,"Miles Sanders Car, RB",99,158,118,169,"Sam Bradford Ari, QB","Tyler Boyd Cin, WR","Andre Williams NYG, RB"
106,$5,"Ja'Marr Chase Cin, WR","Anthony Miller Chi, WR","Corey Davis Ten, WR","Danny Amendola Mia, WR",$1,$1,$1
"David Montgomery Det, RB",87,$4,$1,$1,$1,159,171,147
$7,"Kareem Hunt Cle, RB",106,165,128,174,"Jack Doyle Ind, TE","Michael Thomas NO, WR","Nick Foles StL, QB"
109,$8,"Deebo Samuel SF, WR","Greg Zuerlein Dal, K","Jamison Crowder NYJ, WR","DJ Moore Car, WR",$1,$1,$1
"Tyler Higbee LAR, TE",92,$1,$1,$1,$1,162,177,156
$3,"Amari Cooper Cle, WR",126,172,138,178,"Thomas Rawls NYJ, RB","Zach Mettenberger Pit, QB","Ravens D/ST Bal, D/ST"
145,$5,"Mike Williams LAC, WR","Allen Lazard GB, WR","Nyheim Hines Ind, RB","Theo Riddick Det, RB",$5,$1,$1
"Elijah Mitchell SF, RB",104,$1,$1,$1,$1,168,182,164
$1,"Dallas Goedert Phi, TE",135,178,148,181,"Matt Prater Det, K","Raiders D/ST Oak, D/ST","Davante Adams GB, WR"
156,$3,"Jamaal Williams Det, RB","Steven Sims Jr. Wsh, WR","Jaguars D/ST Jax, D/ST","Jared Cook Oak, TE",$1,$1,$1
"Devin Singletary NYG, RB",105,$1,$1,$1,$1,176,186,178
$1,"Chase Edmonds TB, RB",144,183,158,184,"Patriots D/ST NE, D/ST","Graham Gano Car, K","Matt Bryant Atl, K"
167,$5,"Steelers D/ST Pit, D/ST","Duke Johnson FA, RB","Bills D/ST Buf, D/ST","Patriots D/ST NE, D/ST",$1,$1,$1
"Michael Gallup Dal, WR",112,$1,$1,$1,$1,183,189,183
$1,"Brandon Aiyuk SF, WR",153,187,166,186,"John Ross Cin, WR","Chris Hogan NE, WR","Jonas Gray Jax, RB"
176,$3,"Stephen Gostkowski FA, K","Robbie Gould SF, K","Harrison Butker KC, K","John Ross Cin, WR",$1,$1,$1
"Hunter Renfrow LV, WR",113,$1,$1,$1,$1,Definitely Not The Worst,Definitely Not The Worst,The Underdogs
$1,"Rashaad Penny Phi, RB",Definitely Researched,Definitely Researched,Definitely Researched,Definitely Researched,NO.,NO.,NO.
184,$4,NO.,NO.,NO.,NO.,PLAYER,PLAYER,PLAYER
"Parris Campbell Phi, WR",122,PLAYER,PLAYER,PLAYER,PLAYER,OFFER AMOUNT,OFFER AMOUNT,OFFER AMOUNT
$1,"DeAndre Hopkins Ari, WR",OFFER AMOUNT,OFFER AMOUNT,OFFER AMOUNT,OFFER AMOUNT,5,2,7
190,$3,11,5,10,3,"Antonio Brown Pit, WR","Adrian Peterson Min, RB","Marshawn Lynch Sea, RB"
"Browns D/ST Cle, D/ST",125,"Jonathan Taylor Ind, RB","Dalvin Cook Min, RB","Kerryon Johnson Det, RB","Leonard Fournette Jax, RB",$62,$57,$64
$1,"Mac Jones NE, QB",$53,$77,$38,$43,29,19,16
196,$4,18,17,12,24,"Matt Bryant Atl, K","A.J. Green Cin, WR","Odell Beckham Jr. NYG, WR"
"Deon Jackson NYG, RB",131,"Antonio Gibson Wsh, RB","Kenyan Drake Ari, RB","Davante Adams GB, WR","David Johnson Ari, RB",$2,$61,$57
$1,"Packers D/ST GB, D/ST",$54,$46,$51,$68,31,24,24
202,$2,19,29,21,37,"Golden Tate Det, WR","Carson Palmer Ari, QB","Greg Olsen Car, TE"
"Evan Hull Ind, RB",132,"DeAndre Hopkins Ari, WR","Mike Evans TB, WR","Todd Gurley II LAR, RB","Davante Adams GB, WR",$19,$30,$12
$1,"Rondale Moore Ari, WR",$41,$32,$47,$29,34,43,30
Futanari Quest,$3,25,31,29,44,"Leonard Fournette Jax, RB","Greg Olsen Car, TE","Calvin Johnson Det, WR"
NO.,Name Change For Luck,"Darren Waller LV, TE","Kyler Murray Ari, QB","Leonard Fournette Jax, RB","Alex Collins Bal, RB",$29,$17,$42
PLAYER,NO.,$31,$35,$23,$24,37,54,33
OFFER AMOUNT,PLAYER,30,40,45,53,"Matt Ryan Atl, QB","Jarvis Landry Mia, WR","Eric Decker NYJ, WR"
3,OFFER AMOUNT,"Terry McLaurin Wsh, WR","Courtland Sutton Den, WR","Josh Gordon Sea, WR","Zach Ertz Phi, TE",$37,$20,$9
"Christian McCaffrey SF, RB",9,$29,$14,$9,$16,51,59,52
$70,"Derrick Henry Ten, RB",60,66,47,56,"Lamar Miller Hou, RB","Eli Manning NYG, QB","Matt Prater Det, K"
27,$70,"Baker Mayfield Cle, QB","Drew Brees NO, QB","Aaron Rodgers GB, QB","Jarvis Landry Cle, WR",$27,$22,$1
"Joe Burrow Cin, QB",27,$8,$10,$13,$12,54,82,65
$48,"Stefon Diggs Buf, WR",70,69,57,62,"Terrelle Pryor Sr. NYJ, WR","Michael Crabtree Oak, WR","Texans D/ST Hou, D/ST"
28,$49,"Tua Tagovailoa Mia, QB","David Montgomery Chi, RB","Baker Mayfield Cle, QB","Andy Dalton Cin, QB",$22,$6,$3
"Tee Higgins Cin, WR",32,$7,$6,$18,$12,74,85,67
$34,"Tyreek Hill Mia, WR",80,71,58,70,"Eric Decker Ten, WR","Gary Barnidge Cle, TE","Todd Gurley StL, RB"
50,$40,"Tyler Boyd Cin, WR","Tyler Higbee LAR, TE","Alshon Jeffery Phi, WR","Philip Rivers LAC, QB",$10,$5,$10
"Deebo Samuel SF, WR",36,$3,$3,$22,$17,88,100,96
$21,"Mark Andrews Bal, TE",86,87,92,90,"Carson Wentz Phi, QB","Arian Foster Mia, RB","Nelson Agholor Phi, WR"
56,$30,"Courtland Sutton Den, WR","Marquise Brown Bal, WR","Delanie Walker Ten, TE","Kelvin Benjamin KC, WR",$10,$6,$3
"Drake London Atl, WR",50,$2,$5,$1,$3,101,109,104
$11,"Matt Ryan FA, QB",100,94,95,113,"Frank Gore Mia, RB","Rashad Jennings NYG, RB","Colin Kaepernick SF, QB"
60,$6,"Damien Harris NE, RB","Michael Gallup Dal, WR","Emmanuel Sanders SF, WR","Tyrod Taylor Cle, QB",$4,$3,$21
"Miles Sanders Car, RB",66,$3,$3,$5,$4,104,130,112
$11,"Devin Singletary Hou, RB",139,106,105,120,"Kyle Rudolph Min, TE","Jay Ajayi Mia, RB","Sam Bradford Phi, QB"
86,$9,"Ty'Son Williams Bal, RB","James White NE, RB","Darrell Henderson Jr. LAR, RB","Kerryon Johnson Det, RB",$1,$1,$9
"George Kittle SF, TE",79,$1,$1,$2,$3,116,137,128
$10,"DeVonta Smith Phi, WR",148,152,122,123,"Theo Riddick Det, RB","Devin Funchess Car, WR","Bishop Sankey Ten, RB"
90,$6,"DeVante Parker Mia, WR","Mike Williams LAC, WR","Dante Pettis SF, WR","Nelson Agholor Phi, WR",$3,$4,$2
"Jared Goff Det, QB",88,$1,$1,$1,$2,122,150,132
$13,"Daniel Jones NYG, QB",156,160,132,154,"Vikings D/ST Min, D/ST","Patriots D/ST NE, D/ST","Charles Johnson Min, WR"
104,$5,"Randall Cobb GB, WR","N'Keal Harry NE, WR","Darwin Thompson KC, RB","Ted Ginn Jr. NO, WR",$2,$1,$1
"Isiah Pacheco KC, RB",89,$1,$1,$1,$1,124,158,142
$8,"Allen Lazard NYJ, WR",163,167,142,160,"Taylor Gabriel Chi, WR","Will Fuller V Hou, WR","Lorenzo Taliaferro Bal, RB"
116,$13,"Devin Singletary Buf, RB","Tua Tagovailoa Mia, QB","LeSean McCoy KC, RB","DeSean Jackson TB, WR",$1,$2,$1
"Skyy Moore KC, WR",101,$1,$1,$1,$1,134,159,167
$3,"Drake London Atl, WR",170,173,144,166,"Tavon Austin LAR, WR","Kamar Aiken Ind, WR","Josh McCown Cle, QB"
140,$3,"49ers D/ST SF, D/ST","Patriots D/ST NE, D/ST","Andy Dalton Cin, QB","Chris Ivory Buf, RB",$1,$1,$1
"Tyler Allgeier Atl, RB",119,$1,$1,$2,$1,143,168,174
$1,"Saints D/ST NO, D/ST",177,179,152,171,"Dion Lewis Ten, RB","Scott Tolzien Ind, QB","Cody Latimer Den, WR"
148,$2,"Austin Hooper Cle, TE","Mohamed Sanu Sr. Det, WR","Jalen Richard Oak, RB","Texans D/ST Hou, D/ST",$2,$1,$1
"Ezekiel Elliott NE, RB",137,$1,$1,$1,$1,144,174,180
$2,"James Robinson NE, RB",182,184,161,176,"Joe Flacco Bal, QB","Dion Lewis NE, RB","Malcom Floyd SD, WR"
151,$2,"Taysom Hill NO, QB","Sammy Watkins KC, WR","Geronimo Allison GB, WR","Robbie Gould SF, K",$1,$1,$1
"Steelers D/ST Pit, D/ST",159,$1,$1,$1,$1,153,179,185
$1,"Isaiah Spiller LAC, RB",186,188,169,180,"Eric Ebron Ind, TE","James White NE, RB","James White NE, RB"
154,$1,"Sterling Shepard NYG, WR","Parris Campbell Ind, WR","Patriots D/ST NE, D/ST","Eric Ebron Ind, TE",$5,$1,$1
"Marvin Mims Jr. Den, WR",170,$1,$1,$1,$1,179,184,188
$2,"Malik Willis Ten, QB",188,190,175,183,"Cole Beasley Dal, WR","Chris Boswell Pit, K","Josh Hill NO, TE"
162,$1,"Jason Sanders Mia, K","Ka'imi Fairbairn Hou, K","Stephen Gostkowski NE, K","Terrance Williams Dal, WR",$1,$1,$1
"K.J. Osborn NE, WR",178,$1,$1,$1,$1,Ben Da Knee,Devonta Belongs To Me Now,
$1,"Mark Ingram II NO, RB",Late Auction Outbidders,QB Tryouts,QB Tryouts,K.Hunt Punt,NO.,NO.,Mow Likes Hairy Manly Nipples
163,$1,NO.,NO.,NO.,NO.,PLAYER,PLAYER,NO.
"DJ Chark Jr. Car, WR",186,PLAYER,PLAYER,PLAYER,PLAYER,OFFER AMOUNT,OFFER AMOUNT,PLAYER
$2,"David Njoku Cle, TE",OFFER AMOUNT,OFFER AMOUNT,OFFER AMOUNT,OFFER AMOUNT,7,4,OFFER AMOUNT
173,$1,3,9,2,11,"Ezekiel Elliott Dal, RB","Aaron Rodgers GB, QB",5
"Dalton Kincaid Buf, TE",194,"Derrick Henry Ten, RB","Michael Thomas NO, WR","Alvin Kamara NO, RB","Kareem Hunt FA, RB",$40,$51,"Adam Vinatieri Ind, K"
$1,"Wan'Dale Robinson NYG, WR",$67,$51,$60,$49,28,21,$3
Wubba Lubba Dub Dub,$1,16,20,14,17,"A.J. Green Cin, WR","Devonta Freeman Atl, RB",11
NO.,Wubba Lubba Dub Dub,"Tyreek Hill KC, WR","JuJu Smith-Schuster Pit, WR","Travis Kelce KC, TE","LeSean McCoy Buf, RB",$47,$48,"Rob Gronkowski NE, TE"
PLAYER,NO.,$55,$35,$41,$27,32,22,$56
OFFER AMOUNT,PLAYER,26,23,25,34,"Drew Brees NO, QB","Jonathan Stewart Car, RB",17
2,OFFER AMOUNT,"Justin Jefferson Min, WR","Davante Adams GB, WR","Derrick Henry Ten, RB","Michael Thomas NO, WR",$44,$24,"C.J. Anderson Den, RB"
"Justin Jefferson Min, WR",6,$36,$52,$25,$30,59,27,$57
$80,"Christian McCaffrey SF, RB",38,32,30,58,"Ben Roethlisberger Pit, QB","Jamaal Charles KC, RB",26
8,$76,"D'Andre Swift Det, RB","David Johnson Hou, RB","Melvin Gordon LAC, RB","Demaryius Thomas Hou, WR",$24,$40,"Brandin Cooks NO, WR"
"Alexander Mattison LV, RB",7,$16,$25,$20,$15,60,32,$21
$18,"Jonathan Taylor Ind, RB",50,39,51,61,"Brandin Cooks LAR, WR","Brock Osweiler Cle, QB",49
15,$85,"Mike Evans TB, WR","Todd Gurley II Atl, RB","Kenny Golladay Det, WR","Derek Carr Oak, QB",$26,$11,"Frank Gore Ind, RB"
"Tyreek Hill Mia, WR",34,$17,$25,$26,$17,72,61,$18
$71,"Dak Prescott Dal, QB",56,51,55,67,"Martellus Bennett NE, TE","Jordan Reed Wsh, TE",62
29,$27,"Chris Godwin TB, WR","Russell Wilson Sea, QB","Chris Godwin TB, WR","Jimmy Graham GB, TE",$10,$12,"Eli Manning NYG, QB"
"Travis Etienne Jr. Jax, RB",39,$16,$17,$18,$20,92,66,$11
$36,"Javonte Williams Den, RB",57,55,60,69,"Tevin Coleman Atl, RB","Larry Fitzgerald Ari, WR",63
39,$38,"Trevor Lawrence Jax, QB","Cooper Kupp LAR, WR","Tyler Boyd Cin, WR","Doug Baldwin Sea, WR",$12,$13,"Jonathan Stewart Car, RB"
"Javonte Williams Den, RB",109,$11,$15,$12,$15,97,91,$14
$16,"Kadarius Toney KC, WR",95,61,71,75,"Jeremy Maclin Bal, WR","Allen Hurns Jax, WR",66
40,$2,"Ryan Fitzpatrick Wsh, QB","Broncos D/ST Den, D/ST","Sterling Shepard NYG, WR","Patrick Mahomes KC, QB",$8,$12,"Vincent Jackson TB, WR"
"Rashod Bateman Bal, WR",115,$2,$1,$5,$12,102,95,$8
$5,"Garrett Wilson NYJ, WR",97,82,77,79,"Paul Perkins NYG, RB","Broncos D/ST Den, D/ST",69
99,$1,"Jonnu Smith NE, TE","Phillip Lindsay Den, RB","Cam Newton Car, QB","Robert Woods LAR, WR",$1,$2,"Andre Johnson Ind, WR"
"C.J. Stroud Hou, QB",150,$2,$2,$13,$7,107,98,$14
$3,"Hunter Henry NE, TE",107,91,110,82,"Mike Wallace Phi, WR","T.J. Yeldon Jax, RB",74
122,$1,"William Fuller V Mia, WR","Wil Lutz NO, K","Carlos Hyde Hou, RB","Jimmy Garoppolo SF, QB",$4,$2,"Broncos D/ST Den, D/ST"
"Adam Thielen Car, WR",161,$3,$1,$9,$6,118,101,$1
$2,"Deshaun Watson Cle, QB",116,101,111,93,"Donte Moncrief Jax, WR","DeSean Jackson TB, WR",100
147,$1,"Marquise Brown Bal, WR","Noah Fant Den, TE","Broncos D/ST Den, D/ST","Chris Hogan NE, WR",$7,$2,"Philip Rivers SD, QB"
"Joshua Dobbs SF, QB",171,$2,$2,$1,$14,130,112,$20
$1,"Mecole Hardman KC, WR",117,111,131,95,"John Brown Bal, WR","Derrick Henry Ten, RB",110
158,$1,"Ravens D/ST Bal, D/ST","Drew Lock Den, QB","Jacoby Brissett Ind, QB","Stephen Gostkowski NE, K",$4,$1,"Darren McFadden Dal, RB"
"Sam Darnold Min, QB",179,$1,$1,$2,$2,132,119,$2
$1,"Mitch Trubisky Pit, QB",120,130,141,97,"Cardinals D/ST Ari, D/ST","Matt Ryan Atl, QB",111
169,$1,"Henry Ruggs III FA, WR","Tevin Coleman SF, RB","Ronald Jones II TB, RB","Tevin Coleman Atl, RB",$2,$6,"Victor Cruz NYG, WR"
"Taylor Heinicke Atl, QB",187,$2,$2,$1,$10,142,122,$9
$1,"Khalil Shakir Buf, WR",125,135,143,100,"Adam Vinatieri Ind, K","Adam Vinatieri Ind, K",134
178,$1,"James Conner Ari, RB","Preston Williams Mia, WR","Golden Tate NYG, WR","DeVante Parker Mia, WR",$2,$1,"Donte Moncrief Ind, WR"
"Chigoziem Okonkwo Ten, TE",195,$2,$2,$2,$2,160,126,$1
$1,"Calvin Ridley Jax, WR",127,138,151,115,"Chris Thompson Wsh, RB","Torrey Smith Phi, WR",144
185,$1,"Kenyan Drake LV, RB","Alexander Mattison Min, RB","John Brown Buf, WR","Vikings D/ST Min, D/ST",$1,$4,"Danny Woodhead SD, RB"
"Juwan Johnson NO, TE",198,$1,$2,$1,$2,169,132,$1
$1,"Patriots D/ST NE, D/ST",129,139,160,129,"Austin Hooper Atl, TE","Vincent Jackson TB, WR",153
191,$1,"Darnell Mooney Chi, WR","Darius Slayton NYG, WR","Adam Humphries Ten, WR","Paul Richardson Wsh, WR",$2,$5,"Vernon Davis Den, TE"
"Patriots D/ST NE, D/ST",201,$2,$1,$1,$2,171,135,$1
$1,"Steelers D/ST Pit, D/ST",130,142,168,134,"James White NE, RB","Teddy Bridgewater Min, QB",161
197,$1,"Leonard Fournette TB, RB","John Brown Buf, WR","Lamar Miller Hou, RB","Jack Doyle Ind, TE",$2,$2,"Kirk Cousins Wsh, QB"
"Packers D/ST GB, D/ST",202,$2,$2,$1,$3,177,142,$1
$1,"Odell Beckham Jr. FA, WR",136,143,174,139,"Brian Hoyer NE, QB","Martellus Bennett GB, TE",169
203,$1,"Jared Goff Det, QB","Zack Moss Buf, RB","DaeSean Hamilton Den, WR","Jamaal Williams GB, RB",$2,$1,"Khiry Robinson NYJ, RB"
"Kyle Trask TB, QB",203,$1,$2,$1,$3,178,147,$1
$1,"KaVontae Turpin Dal, WR",145,144,180,142,"Kenny Stills Mia, WR","Travis Benjamin SD, WR",176
204,$1,"Brandon McManus Den, K","Curtis Samuel Car, WR","Robbie Gould SF, K","Marlon Mack Ind, RB",$2,$3,"Michael Crabtree Oak, WR"
"Latavius Murray Buf, RB",204,$1,$2,$1,$4,,,$1
$1,"Quez Watkins Phi, WR",,,,,Wubba Lubba Dub Dub,Wubba Lubba Dub Dub,
Team Vinegar Strokes,$1,(EAU) Eat Ass University,Wubba Lubba Dub Dub,Wubba Lubba Dub Dub,Wubba Lubba Dub Dub,NO.,NO.,In Devontafreem An We Trust
NO.,Team Vinegar Strokes,NO.,NO.,NO.,NO.,PLAYER,PLAYER,NO.
PLAYER,NO.,PLAYER,PLAYER,PLAYER,PLAYER,OFFER AMOUNT,OFFER AMOUNT,PLAYER
OFFER AMOUNT,PLAYER,OFFER AMOUNT,OFFER AMOUNT,OFFER AMOUNT,OFFER AMOUNT,1,7,OFFER AMOUNT
9,OFFER AMOUNT,9,2,1,2,"Alshon Jeffery Phi, WR","Allen Robinson Jax, WR",3
"Saquon Barkley Phi, RB",15,"Alvin Kamara NO, RB","Saquon Barkley NYG, RB","Saquon Barkley NYG, RB","Eli Manning NYG, QB",$18,$42,"Eddie Lacy GB, RB"
$59,"Travis Kelce KC, TE",$69,$81,$73,$10,6,9,$58
16,$44,13,12,7,4,"Mike Evans TB, WR","Ezekiel Elliott Dal, RB",12
"CeeDee Lamb Dal, WR",26,"Najee Harris Pit, RB","Tyreek Hill KC, WR","Christian McCaffrey Car, RB","Alvin Kamara NO, RB",$50,$51,"LeSean McCoy Buf, RB"
$52,"Leonard Fournette FA, RB",$63,$59,$79,$52,8,10,$52
30,$39,20,22,22,9,"David Johnson Ari, RB","Stephen Gostkowski NE, K",29
"Jahmyr Gibbs Det, RB",33,"Patrick Mahomes KC, QB","Patrick Mahomes KC, QB","Antonio Brown FA, WR","Todd Gurley II LAR, RB",$71,$4,"Mark Ingram NO, RB"
$39,"CeeDee Lamb Dal, WR",$48,$66,$39,$68,15,13,$31
54,$46,40,62,36,10,"Odell Beckham Jr. NYG, WR","Dez Bryant Dal, WR",41
"Dak Prescott Dal, QB",35,"Josh Jacobs LV, RB","Aaron Rodgers GB, QB","Cooper Kupp LAR, WR","Odell Beckham Jr. NYG, WR",$54,$37,"T.Y. Hilton Ind, WR"
$21,"Kirk Cousins Min, QB",$14,$8,$18,$43,80,25,$27
78,$15,45,78,43,29,"Philip Rivers LAC, QB","Jordy Nelson GB, WR",44
"Christian Kirk Jax, WR",43,"Russell Wilson Sea, QB","T.Y. Hilton Ind, WR","O.J. Howard TB, TE","Russell Wilson Sea, QB",$18,$38,"Kelvin Benjamin Car, WR"
$9,"Aaron Jones GB, RB",$20,$6,$5,$38,87,33,$17
80,$46,79,93,79,55,"Joe Mixon Cin, RB","Andrew Luck Ind, QB",47
"Dallas Goedert Phi, TE",53,"Jerry Jeudy Den, WR","Jordan Howard Phi, RB","Matt Ryan Atl, QB","Matt Ryan Atl, QB",$5,$35,"Emmanuel Sanders Den, WR"
$10,"Breece Hall NYJ, RB",$13,$4,$8,$16,95,52,$30
92,$23,109,107,84,138,"Carson Palmer Ari, QB","C.J. Anderson Den, RB",50
"Michael Pittman Jr. Ind, WR",62,"Curtis Samuel Wsh, WR","Darrell Henderson Jr. LAR, RB","Will Fuller V Hou, WR","Marqise Lee Jax, WR",$7,$14,"DeSean Jackson Wsh, WR"
$7,"JuJu Smith-Schuster NE, WR",$1,$2,$2,$1,105,104,$12
98,$9,119,112,91,153,"Jason Witten Dal, TE","Marvin Jones Det, WR",84
"Dalvin Cook Bal, RB",76,"Marvin Jones Jr. Jax, WR","Julian Edelman NE, WR","Kyler Murray Ari, QB","Josh Doctson Wsh, WR",$1,$3,"Tevin Coleman Atl, RB"
$6,"Justin Fields Chi, QB",$1,$1,$4,$1,110,116,$2
102,$8,138,119,107,159,"Mike Gillislee NE, RB","Sterling Shepard NYG, WR",107
"Bryce Young Car, QB",134,"DJ Chark Jr. Jax, WR","Deebo Samuel SF, WR","Jordan Howard Phi, RB","Trey Burton Chi, TE",$3,$2,"Ryan Mathews Phi, RB"
$5,"Tyler Boyd Cin, WR",$1,$2,$1,$1,119,127,$1
110,$1,147,124,115,165,"Jamaal Charles Den, RB","Robert Griffin III Cle, QB",137
"AJ Dillon GB, RB",145,"Jakobi Meyers NE, WR","Kerryon Johnson Det, RB","DeSean Jackson Phi, WR","Rishard Matthews NYJ, WR",$2,$5,"Dwayne Allen Ind, TE"
$2,"Christian Watson GB, WR",$1,$2,$2,$1,131,129,$1
114,$1,155,131,117,170,"Zach Ertz Phi, TE","Julius Thomas Mia, TE",146
"Jahan Dotson Wsh, WR",156,"Parris Campbell Ind, WR","Hayden Hurst Atl, TE","James Washington Pit, WR","Aaron Jones GB, RB",$2,$1,"Montee Ball FA, RB"
$7,"Mike Davis FA, RB",$1,$1,$1,$1,133,139,$1
123,$1,162,140,127,175,"Rishard Matthews Ten, WR","Joe Flacco Bal, QB",155
"Mac Jones Jax, QB",167,"Jalen Reagor Phi, WR","DeSean Jackson FA, WR","Saints D/ST NO, D/ST","Cameron Meredith NO, WR",$2,$1,"Knile Davis KC, RB"
$2,"Zamir White LV, RB",$1,$1,$1,$1,135,149,$1
126,$1,169,148,137,179,"Duke Johnson Jr. Cle, RB","Packers D/ST GB, D/ST",163
"Samaje Perine Den, RB",175,"Amon-Ra St. Brown Det, WR","Ryquell Armstead Jax, RB","Joe Flacco Den, QB","Wil Lutz NO, K",$1,$1,"Denard Robinson Jax, RB"
$3,"Jarvis Landry NO, WR",$1,$1,$1,$1,163,167,$1
128,$1,176,156,147,182,"Zay Jones Buf, WR","Corey Coleman Cle, WR",171
"Jordan Addison Min, WR",183,"Rob Gronkowski TB, TE","Damien Harris NE, RB","Kareem Hunt Cle, RB","Chris Godwin TB, WR",$1,$1,"David Cobb Ten, RB"
$4,"Kenny Golladay FA, WR",$1,$1,$1,$1,172,173,$1
137,$1,181,163,157,185,"Kevin White Chi, WR","Steve Smith Sr. Bal, WR",177
"Treylon Burks Ten, WR",191,"Carson Wentz Ind, QB","Ravens D/ST Bal, D/ST","Adrian Peterson Wsh, RB","Michael Gallup Dal, WR",$1,$1,"Dolphins D/ST Mia, D/ST"
$4,"Irv Smith Jr. Min, TE",$1,$1,$1,$1,180,178,$1
138,$1,185,170,165,187,"Robert Woods LAR, WR","Phillip Dorsett Ind, WR",182
"Odell Beckham Jr. FA, WR",196,"Tre'Quan Smith NO, WR","Justin Jackson LAC, RB","Albert Wilson Mia, WR","Martavis Bryant Oak, WR",$1,$1,"David Johnson Ari, RB"
$3,"Desmond Ridder Atl, QB",$1,$1,$1,$1,188,183,$1
142,$1,187,176,172,188,"Bengals D/ST Cin, D/ST","Tony Romo Dal, QB",186
"Saints D/ST NO, D/ST",199,"Kadarius Toney NYG, WR","Adrian Peterson Det, RB","Devin Funchess Ind, WR","Terrelle Pryor Buf, WR",$1,$1,"Cardinals D/ST Ari, D/ST"
$2,"Bengals D/ST Cin, D/ST",$1,$1,$1,$1,189,187,$1
The Stairs,$2,189,182,178,189,"Dustin Hopkins Wsh, K","Zach Miller Chi, TE",189
NO.,,"Broncos D/ST Den, D/ST","Sony Michel NE, RB","Marquise Brown Bal, WR","Titans D/ST Ten, D/ST",$1,$1,"Dan Carpenter Buf, K"
PLAYER,Team HUNTER,$1,$1,$1,$1,190,190,$1
OFFER AMOUNT,NO.,190,186,183,190,"Charles Sims TB, RB","Eric Ebron Det, TE",190
1,PLAYER,"Matt Gay LAR, K","Matt Gay LAR, K","Michael Badgley LAC, K","David Njoku Cle, TE",$1,$1,"Jimmy Garoppolo NE, QB"
"Nick Chubb Cle, RB",OFFER AMOUNT,$1,$1,$1,$1,,,$1
$52,8,,,,,,,
11,"Ja'Marr Chase Cin, WR",,,,,,,
"Davante Adams LV, WR",$66,,,,,,,
$57,20,,,,,,,
24,"Deebo Samuel SF, WR",,,,,,,
"Josh Jacobs GB, RB",$41,,,,,,,
$44,22,,,,,,,
51,"Nick Chubb Cle, RB",,,,,,,
"Jonathan Taylor Ind, RB",$50,,,,,,,
$9,25,,,,,,,
53,"Cam Akers LAR, RB",,,,,,,
"Breece Hall NYJ, RB",$21,,,,,,,
$19,49,,,,,,,
58,"Kyle Pitts Atl, TE",,,,,,,
"Kyle Pitts Atl, TE",$32,,,,,,,
$6,77,,,,,,,
63,"Michael Thomas NO, WR",,,,,,,
"Ryan Tannehill Ten, QB",$10,,,,,,,
$4,84,,,,,,,
68,"Jameis Winston NO, QB",,,,,,,
"Russell Wilson Pit, QB",$8,,,,,,,
$8,123,,,,,,,
81,"Chase Claypool Chi, WR",,,,,,,
"Jerry Jeudy Cle, WR",$1,,,,,,,
$6,135,,,,,,,
83,"Zach Wilson NYJ, QB",,,,,,,
"Alvin Kamara NO, RB",$1,,,,,,,
$6,146,,,,,,,
89,"Geno Smith Sea, QB",,,,,,,
"Matthew Stafford LAR, QB",$1,,,,,,,
$7,152,,,,,,,
91,"Ravens D/ST Bal, D/ST",,,,,,,
"Terry McLaurin Wsh, WR",$2,,,,,,,
$9,157,,,,,,,
93,"DJ Chark Det, WR",,,,,,,
"George Pickens Pit, WR",$1,,,,,,,
$7,168,,,,,,,
107,"Darrell Henderson Jr. FA, RB",,,,,,,
"Jordan Love GB, QB",$1,,,,,,,
$3,174,,,,,,,
132,"George Pickens Pit, WR",,,,,,,
"Darnell Mooney Atl, WR",$2,,,,,,,
$1,176,,,,,,,
155,"Joshua Palmer LAC, WR",,,,,,,
"Rondale Moore Atl, WR",$1,,,,,,,
$1,184,,,,,,,
166,"Michael Gallup Dal, WR",,,,,,,
"Dolphins D/ST Mia, D/ST",$1,,,,,,,
$1,192,,,,,,,
,"Tyler Higbee LAR, TE",,,,,,,
,$1,,,,,,,